[
{"code":"0001-7136","width":112,"height":"—","price":60.2},
{"code":"0010-7313","width":112,"height":"—","price":60.2},
{"code":"0010-7360","width":112,"height":"—","price":60.2},
{"code":"0013-7136","width":35,"height":"—","price":15.12},
{"code":"0013-7149","width":35,"height":"—","price":15.12},
{"code":"0023-7136","width":100,"height":"—","price":46.6},
{"code":"0024-5970","width":103,"height":"—","price":47.95},
{"code":"0024-7053","width":103,"height":"—","price":47.95},
{"code":"0024-7054","width":103,"height":"—","price":47.95},
{"code":"0024-7313","width":103,"height":"—","price":54},
{"code":"0039-4035","width":60,"height":"—","price":14.2},
{"code":"0057-7136","width":50,"height":"—","price":20.86},
{"code":"0063-4035","width":80,"height":"—","price":19.68},
{"code":"0124-5328","width":25,"height":"—","price":8.4},
{"code":"0124-5330","width":25,"height":"—","price":8.4},
{"code":"0124-7096","width":25,"height":"—","price":10.9},
{"code":"0124-7136","width":25,"height":"—","price":11.49},
{"code":"0124-7149","width":25,"height":"—","price":11.49},
{"code":"0156-7250","width":55,"height":"—","price":18},
{"code":"0195-5970","width":70,"height":"—","price":23.2},
{"code":"0206-6150","width":90,"height":"—","price":36.48},
{"code":"0225-5970","width":110,"height":"—","price":44.2},
{"code":"0266-5917","width":55,"height":"—","price":18.68},
{"code":"0266-5934","width":55,"height":"—","price":18.68},
{"code":"0299-7389","width":80,"height":"—","price":36.05},
{"code":"0351-5343","width":60,"height":"—","price":18},
{"code":"0355-7360","width":90,"height":"—","price":55.4},
{"code":"0386-5701","width":95,"height":"—","price":37.5},
{"code":"0386-6152","width":95,"height":"—","price":35.2},
{"code":"0386-71309","width":95,"height":"—","price":42.2},
{"code":"0437-5305","width":95,"height":"—","price":34.8},
{"code":"0437-5306","width":95,"height":"—","price":34.8},
{"code":"0437-5701","width":95,"height":"—","price":36.4},
{"code":"0437-9106","width":95,"height":"—","price":46.4},
{"code":"0438-9107","width":62,"height":"—","price":27.7},
{"code":"0500-7240","width":35,"height":"—","price":220},
{"code":"0500-7603","width":35,"height":"—","price":220},
{"code":"0521-5325","width":90,"height":"—","price":31.9},
{"code":"0532-7313","width":107,"height":"—","price":47.07},
{"code":"1076-5917","width":32,"height":"—","price":10.7},
{"code":"1146-5917","width":20,"height":"—","price":7.15},
{"code":"1146-7149","width":20,"height":"—","price":9.71},
{"code":"1146-7250","width":20,"height":"—","price":9.71},
{"code":"1202-6030","width":70,"height":"—","price":19.25},
{"code":"1202-8414","width":70,"height":"—","price":16.76},
{"code":"1202-8449","width":70,"height":"—","price":16.76},
{"code":"1223-6018","width":60,"height":"—","price":15.2},
{"code":"1223-6021","width":60,"height":"—","price":15.2},
{"code":"1230-8507","width":45,"height":"—","price":11.32},
{"code":"1356-2701","width":80,"height":"—","price":"?"},
{"code":"1381-3062","width":35,"height":"—","price":6.14},
{"code":"1381-3063","width":35,"height":"—","price":6.14},
{"code":"1381-3301","width":35,"height":"—","price":6.14},
{"code":"1381-3304","width":35,"height":"—","price":6.14},
{"code":"1381-3313","width":35,"height":"—","price":6.14},
{"code":"1381-3394","width":35,"height":"—","price":6.14},
{"code":"1405-2503","width":60,"height":"—","price":16.93},
{"code":"1405-8501","width":60,"height":"—","price":15.96},
{"code":"1405-8502","width":60,"height":"—","price":15.96},
{"code":"1405-8506","width":60,"height":"—","price":15.96},
{"code":"1405-8507","width":60,"height":"—","price":15.96},
{"code":"1407-8509","width":100,"height":"—","price":24.25},
{"code":"1417-2607","width":50,"height":"—","price":10.75},
{"code":"1476-5305","width":60,"height":"—","price":15.45},
{"code":"1490-5330","width":25,"height":"—","price":10.01},
{"code":"1492-5328","width":22,"height":"—","price":10.01},
{"code":"1492-5330","width":22,"height":"—","price":10.01},
{"code":"1543-8521","width":60,"height":"—","price":13.8},
{"code":"1546-5330","width":62,"height":"—","price":20.2},
{"code":"1546-71309","width":62,"height":"—","price":20.2},
{"code":"1567-8509","width":22,"height":"—","price":11.86},
{"code":"1594-0223","width":60,"height":"—","price":31.55},
{"code":"1594-7360","width":60,"height":"—","price":35.5},
{"code":"1698-2160","width":65,"height":"—","price":12.6},
{"code":"1698-2161","width":65,"height":"—","price":12.6},
{"code":"1698-87023","width":65,"height":"—","price":12.6},
{"code":"1698-87024","width":65,"height":"—","price":12.6},
{"code":"1730-7082","width":70,"height":"—","price":24.2},
{"code":"1736-2138","width":25,"height":"—","price":5.98},
{"code":"1736-2140","width":25,"height":"—","price":5.98},
{"code":"8030-8509","width":80,"height":"—","price":22.95},
{"code":"8031-2522","width":60,"height":"—","price":15.45},
{"code":"8031-8521","width":60,"height":"—","price":15.45},
{"code":"8031-8554","width":60,"height":"—","price":15.45},
{"code":"8031-8555","width":60,"height":"—","price":15.45},
{"code":"8032-8521","width":55,"height":"—","price":14.7},
{"code":"8042-2149","width":45,"height":"—","price":9.71},
{"code":"8042-3031","width":45,"height":"—","price":8.93},
{"code":"8042-3032","width":45,"height":"—","price":8.94},
{"code":"8042-5000","width":45,"height":"—","price":6.89},
{"code":"8042-6364","width":45,"height":"—","price":6.89},
{"code":"9071-5917","width":90,"height":"—","price":23.9}]