[
{"code":"040-01","width":24,"height":14,"price":3.44},
{"code":"040-02","width":24,"height":14,"price":3.44},
{"code":"040-03","width":24,"height":14,"price":3.44},
{"code":"040-04","width":24,"height":14,"price":3.44},
{"code":"040-05","width":24,"height":14,"price":3.44},
{"code":"040-06","width":24,"height":14,"price":3.44},
{"code":"040-07","width":24,"height":14,"price":3.44},
{"code":"040-08","width":24,"height":14,"price":3.44},
{"code":"040-09","width":24,"height":14,"price":3.44},
{"code":"040-10","width":24,"height":14,"price":3.44},
{"code":"110-02","width":14,"height":14,"price":2.86},
{"code":"110-03","width":14,"height":14,"price":2.86},
{"code":"110-05","width":14,"height":14,"price":2.86},
{"code":"110-06","width":14,"height":14,"price":2.86},
{"code":"110-07","width":14,"height":14,"price":2.86},
{"code":"110-08","width":14,"height":14,"price":2.86},
{"code":"110-09","width":14,"height":14,"price":2.86},
{"code":"125-28","width":15,"height":30,"price":3.99},
{"code":"125-31","width":15,"height":30,"price":3.99},
{"code":"135-02","width":42,"height":22,"price":6.92},
{"code":"135-12","width":42,"height":22,"price":6.92},
{"code":"135-25","width":42,"height":22,"price":6.92},
{"code":"140-01","width":63,"height":28,"price":12.5},
{"code":"140-02","width":63,"height":28,"price":12.5},
{"code":"147-01","width":22,"height":18,"price":3.92},
{"code":"147-02","width":22,"height":18,"price":3.92},
{"code":"255-03","width":32,"height":14,"price":4.2},
{"code":"301-07","width":70,"height":17,"price":9.1},
{"code":"301-17","width":70,"height":17,"price":9.1},
{"code":"301-23","width":70,"height":17,"price":9.1},
{"code":"301-27","width":70,"height":17,"price":9.1},
{"code":"301-41","width":70,"height":17,"price":9.1},
{"code":"301-43","width":70,"height":17,"price":9.1},
{"code":"301-52","width":70,"height":17,"price":9.1},
{"code":"305-42","width":90,"height":20,"price":12.98},
{"code":"335-01","width":49,"height":24,"price":11.53},
{"code":"335-02","width":49,"height":24,"price":11.53},
{"code":"395-01","width":70,"height":30,"price":13.67},
{"code":"395-02","width":70,"height":30,"price":13.67},
{"code":"395-12","width":70,"height":30,"price":13.67},
{"code":"395-25","width":70,"height":30,"price":13.67},
{"code":"400-02","width":92,"height":35,"price":23.16},
{"code":"400-03","width":92,"height":35,"price":23.16},
{"code":"400-12","width":92,"height":35,"price":23.16},
{"code":"423-01","width":20,"height":27,"price":5.04},
{"code":"423-07","width":20,"height":27,"price":5.04},
{"code":"423-12","width":20,"height":27,"price":5.04},
{"code":"423-17","width":20,"height":27,"price":5.04},
{"code":"423-32","width":20,"height":27,"price":5.04},
{"code":"435-03","width":20,"height":32,"price":5.22},
{"code":"435-07","width":20,"height":32,"price":5.22},
{"code":"445-07","width":28,"height":40,"price":8.27},
{"code":"446-07","width":29,"height":50,"price":11.53},
{"code":"462-03","width":87,"height":48,"price":19.97},
{"code":"490-02","width":72,"height":28,"price":12.68},
{"code":"500-01","width":42,"height":22,"price":7.32},
{"code":"500-02","width":42,"height":22,"price":7.32},
{"code":"500-11","width":42,"height":22,"price":7.32},
{"code":"500-22","width":42,"height":22,"price":7.32},
{"code":"500-32","width":42,"height":22,"price":7.32},
{"code":"560-05","width":39,"height":30,"price":8.34},
{"code":"560-11","width":39,"height":30,"price":8.34},
{"code":"560-23","width":39,"height":30,"price":8.34},
{"code":"563-05","width":26,"height":22,"price":5.22},
{"code":"599-01","width":60,"height":50,"price":18.09},
{"code":"599-02","width":60,"height":50,"price":18.09},
{"code":"599-03","width":60,"height":50,"price":18.09},
{"code":"605-01","width":14,"height":14,"price":2.86},
{"code":"605-02","width":14,"height":14,"price":2.86},
{"code":"614-05","width":35,"height":14,"price":4.13},
{"code":"616-13","width":43,"height":14,"price":4.86},
{"code":"616-17","width":43,"height":14,"price":4.86},
{"code":"616-23","width":43,"height":14,"price":4.86},
{"code":"616-31","width":43,"height":14,"price":4.86},
{"code":"622-01","width":27,"height":10,"price":2.86},
{"code":"622-02","width":27,"height":10,"price":2.86},
{"code":"675-11","width":55,"height":29,"price":10.48},
{"code":"680-07","width":22,"height":14,"price":3.37},
{"code":"680-31","width":22,"height":14,"price":3.37},
{"code":"680-32","width":22,"height":14,"price":3.37},
{"code":"682-00","width":17,"height":11,"price":2.03},
{"code":"682-03","width":17,"height":11,"price":2.03},
{"code":"682-05","width":17,"height":11,"price":2.03},
{"code":"682-07","width":17,"height":11,"price":2.03},
{"code":"682-28","width":17,"height":11,"price":2.03},
{"code":"755-01","width":80,"height":25,"price":14.03},
{"code":"755-02","width":80,"height":25,"price":14.03},
{"code":"765-28","width":60,"height":20,"price":9.14},
{"code":"765-31","width":60,"height":20,"price":9.14},
{"code":"785-01","width":69,"height":29,"price":14.03},
{"code":"785-02","width":69,"height":29,"price":14.03},
{"code":"785-22","width":69,"height":29,"price":14.03},
{"code":"785-32","width":69,"height":29,"price":14.03},
{"code":"790-15","width":26,"height":15,"price":3.59},
{"code":"830-28","width":35,"height":35,"price":9.64},
{"code":"830-41","width":35,"height":35,"price":9.64},
{"code":"830-42","width":35,"height":35,"price":9.64},
{"code":"830-47","width":35,"height":35,"price":9.64},
{"code":"875-12","width":88,"height":43,"price":22.51},
{"code":"980-01","width":32,"height":22,"price":6.92},
{"code":"980-02","width":32,"height":22,"price":6.92},
{"code":"993-03","width":30,"height":30,"price":7.47},
{"code":"993-07","width":30,"height":30,"price":7.47},

{"code":"040-15","width":24,"height":14,"price":3.44},
{"code":"062-85","width":22,"height":22,"price":4.42},
{"code":"062-87","width":22,"height":22,"price":4.42},
{"code":"125-07","width":15,"height":30,"price":3.99},
{"code":"133-01","width":11,"height":14,"price":2.25},
{"code":"133-02","width":11,"height":14,"price":2.25},
{"code":"133-03","width":11,"height":14,"price":2.25},
{"code":"133-07","width":11,"height":14,"price":2.25},
{"code":"133-11","width":11,"height":14,"price":2.25},
{"code":"133-12","width":11,"height":14,"price":2.25},
{"code":"135-15","width":42,"height":22,"price":6.92},
{"code":"285-05","width":53,"height":23,"price":9.82},
{"code":"301-70","width":70,"height":17,"price":9.1},
{"code":"301-77","width":70,"height":17,"price":9.1},
{"code":"305-77","width":90,"height":20,"price":12.98},
{"code":"372-03","width":16,"height":14,"price":3.05},
{"code":"372-07","width":16,"height":14,"price":3.05},
{"code":"395-15","width":70,"height":30,"price":13.67},
{"code":"395-62","width":70,"height":30,"price":13.67},
{"code":"400-01","width":92,"height":35,"price":23.16},
{"code":"615-03","width":45,"height":12,"price":4.42},
{"code":"615-05","width":45,"height":12,"price":4.42},
{"code":"623-11","width":34,"height":34,"price":9.02},
{"code":"623-62","width":34,"height":34,"price":9.02},
{"code":"680-23","width":22,"height":14,"price":3.37},
{"code":"780-05","width":38,"height":19,"price":6.05},
{"code":"780-06","width":38,"height":19,"price":6.05},
{"code":"850-02","width":16,"height":14,"price":3.08},
{"code":"862-02","width":33,"height":21,"price":5.94},
{"code":"862-05","width":33,"height":21,"price":5.94},
{"code":"905-05","width":14,"height":14,"price":2.86},
{"code":"905-07","width":14,"height":14,"price":2.86},
{"code":"905-08","width":14,"height":14,"price":2.86},
{"code":"905-09","width":14,"height":14,"price":2.86}
]
