{
    "garcia": [
        { "code": "0001-7136", "width": 70, "price": 31.46 },
        { "code": "0010-7313", "width": 102, "price": 60.2 },
        { "code": "0010-7360", "width": 102, "price": 60.2 },
        { "code": "0013-7136", "width": 25, "price": 15.12 },
        { "code": "0013-7149", "width": 25, "price": 15.12 },
        { "code": "0023-7136", "width": 90, "price": 46.6 },
        { "code": "0024-5970", "width": 95, "price": 47.95 },
        { "code": "0024-7054", "width": 95, "price": 47.95 },
        { "code": "0024-7313", "width": 95, "price": 54 },
        { "code": "0039-4035", "width": 52, "price": 14.2 },
        { "code": "0063-4035", "width": 70, "price": 19.68 },
        { "code": "0074-7216", "width": 98, "price": 50.56 },
        { "code": "0124-5328", "width": 17, "price": 8.4 },
        { "code": "0124-5330", "width": 17, "price": 8.4 },
        { "code": "0124-7149", "width": 17, "price": 11.49 },
        { "code": "0156-7246", "width": 48, "price": 18 },
        { "code": "0156-7250", "width": 47, "price": 18 },
        { "code": "0158-5934", "width": 60, "price": 28.6 },
        { "code": "0195-5970", "width": 60, "price": 23.2 },
        { "code": "0206-6150", "width": 80, "price": 36.48 },
        { "code": "0225-5970", "width": 102, "price": 44.2 },
        { "code": "0255-71309", "width": 43, "price": 24.08 },
        { "code": "0266-5917", "width": 47, "price": 18.68 },
        { "code": "0266-5934", "width": 47, "price": 18.68 },
        { "code": "0299-5342", "width": 70, "price": 25.5 },
        { "code": "0299-7389", "width": 70, "price": 36.05 },
        { "code": "0343-0528", "width": 120, "price": 44.6 },
        { "code": "0343-0531", "width": 120, "price": 44.6 },
        { "code": "0348-5705", "width": 90, "price": 30.5 },
        { "code": "0355-7360", "width": 80, "price": 55.4 },
        { "code": "0386-71309", "width": 85, "price": 42.2 },
        { "code": "0396-7360", "width": 80, "price": 59 },
        { "code": "0410-5968", "width": 17, "price": 7.8 },
        { "code": "0437-5305", "width": 85, "price": 34.8 },
        { "code": "0437-5306", "width": 85, "price": 34.8 },
        { "code": "0437-9106", "width": 85, "price": 46.4 },
        { "code": "0466-5253", "width": 55, "price": 19.85 },
        { "code": "0500-7240", "width": 25, "price": 7.6 },
        { "code": "0500-7603", "width": 25, "price": 7.6 },
        { "code": "0521-5325", "width": 80, "price": 31.9 },
        { "code": "0547-5328", "width": 20, "price": 8.31 },
        { "code": "0547-5330", "width": 20, "price": 8.31 },
        { "code": "0633-52020", "width": 60, "price": 17.2 },
        { "code": "0685-8408", "width": 52, "price": 14.07 },
        { "code": "1076-5917", "width": 22, "price": 10.7 },
        { "code": "1146-5917", "width": 10, "price": 7.15 },
        { "code": "1146-7149", "width": 10, "price": 9.71 },
        { "code": "1146-7250", "width": 10, "price": 9.71 },
        { "code": "1180-3058", "width": 30, "price": 7.49 },
        { "code": "1185-8459", "width": 38, "price": 13.44 },
        { "code": "1185-8461", "width": 38, "price": 13.44 },
        { "code": "1202-6030", "width": 60, "price": 19.25 },
        { "code": "1202-8414", "width": 60, "price": 16.76 },
        { "code": "1202-8449", "width": 60, "price": 16.76 },
        { "code": "1223-6018", "width": 52, "price": 15.2 },
        { "code": "1223-6021", "width": 52, "price": 15.2 },
        { "code": "1275-8777", "width": 25, "price": 5.6 },
        { "code": "1314-7095", "width": 51, "price": 18.1 },
        { "code": "1373-3337", "width": 39, "price": 9.1 },
        { "code": "1381-3063", "width": 25, "price": 6.14 },
        { "code": "1381-3301", "width": 25, "price": 6.14 },
        { "code": "1381-3304", "width": 25, "price": 6.14 },
        { "code": "1381-3394", "width": 25, "price": 6.14 },
        { "code": "1405-2503", "width": 52, "price": 16.93 },
        { "code": "1405-8501", "width": 52, "price": 15.96 },
        { "code": "1405-8502", "width": 52, "price": 15.96 },
        { "code": "1405-8506", "width": 52, "price": 15.96 },
        { "code": "1405-8507", "width": 52, "price": 15.96 },
        { "code": "1407-2503", "width": 90, "price": 26.4 },
        { "code": "1407-8509", "width": 90, "price": 26.25 },
        { "code": "1417-2605", "width": 42, "price": 10.75 },
        { "code": "1417-2607", "width": 42, "price": 10.75 },
        { "code": "1476-5305", "width": 52, "price": 15.45 },
        { "code": "1490-5330", "width": 15, "price": 10.01 },
        { "code": "1492-5328", "width": 13, "price": 10.01 },
        { "code": "1492-5330", "width": 13, "price": 10.01 },
        { "code": "1543-8521", "width": 52, "price": 13.8 },
        { "code": "1546-5328", "width": 52, "price": 20.2 },
        { "code": "1546-5330", "width": 52, "price": 20.2 },
        { "code": "1546-71309", "width": 52, "price": 20.2 },
        { "code": "1567-20005", "width": 15, "price": 11.86 },
        { "code": "1567-20003", "width": 15, "price": 11.86 },
        { "code": "1594-0223", "width": 50, "price": 31.55 },
        { "code": "1594-7360", "width": 50, "price": 32.25 },
        { "code": "1597-0224", "width": 51, "price": 28.2 },
        { "code": "1597-71309", "width": 51, "price": 26.7 },
        { "code": "1598-71309", "width": 100, "price": 40.6 },
        { "code": "1598-72143", "width": 100, "price": 40.6 },
        { "code": "1616-61061", "width": 60, "price": 20.83 },
        { "code": "1616-61063", "width": 60, "price": 20.83 },
        { "code": "1616-20093", "width": 60, "price": 20.83 },
        { "code": "1698-87023", "width": 54, "price": 12.6 },
        { "code": "1698-87024", "width": 54, "price": 12.6 },
        { "code": "1725-7085", "width": 100, "price": 45.83 },
        { "code": "1730-7082", "width": 60, "price": 24.2 },
        { "code": "1730-золото", "width": 60, "price": 24.2 },
        { "code": "1736-2138", "width": 15, "price": 5.98 },
        { "code": "1736-2140", "width": 15, "price": 5.98 },
        { "code": "8030-8509", "width": 70, "price": 22.95 },
        { "code": "8031-2522", "width": 48, "price": 15.45 },
        { "code": "8031-8521", "width": 48, "price": 15.45 },
        { "code": "8031-8554", "width": 48, "price": 15.45 },
        { "code": "8031-8555", "width": 48, "price": 15.45 },
        { "code": "8042-2149", "width": 37, "price": 9.71 },
        { "code": "8042-3031", "width": 37, "price": 8.93 },
        { "code": "8042-3032", "width": 37, "price": 8.94 },
        { "code": "8042-5000", "width": 37, "price": 7.52 },
        { "code": "8042-5000 білий", "width": 37, "price": 6.89 },
        { "code": "8042-6364", "width": 37, "price": 6.89 },
        { "code": "9071-5917", "width": 82, "price": 23.9 },
        { "code": "9208-1207", "width": 50, "price": 15.04 },
        { "code": "9307-8019", "width": 75, "price": 15.3 }
    ],
    "injac": [{ "code": "040-01", "width": 18, "price": 4.14 },
        { "code": "040-02", "width": 18, "price": 4.14 },
        { "code": "040-03", "width": 18, "price": 4.14 },
        { "code": "040-04", "width": 18, "price": 4.14 },
        { "code": "040-05", "width": 18, "price": 4.14 },
        { "code": "040-06", "width": 18, "price": 4.14 },
        { "code": "040-07", "width": 18, "price": 4.14 },
        { "code": "040-08", "width": 18, "price": 4.14 },
        { "code": "040-09", "width": 18, "price": 4.14 },
        { "code": "040-10", "width": 18, "price": 4.14 },
        { "code": "040-15", "width": 18, "price": 4.14 },
        { "code": "062-85", "width": 16, "price": 5.12 },
        { "code": "062-87", "width": 16, "price": 5.12 },
        { "code": "110-02", "width": 9, "price": 3.45 },
        { "code": "110-03", "width": 9, "price": 3.45 },
        { "code": "110-05", "width": 9, "price": 3.45 },
        { "code": "110-06", "width": 9, "price": 3.45 },
        { "code": "110-07", "width": 9, "price": 3.45 },
        { "code": "110-08", "width": 9, "price": 3.45 },
        { "code": "110-09", "width": 9, "price": 3.45 },
        { "code": "125-07", "width": 10, "price": 4.42 },
        { "code": "125-28", "width": 10, "price": 4.42 },
        { "code": "125-31", "width": 10, "price": 4.42 },
        { "code": "133-01", "width": 8, "price": 2.49 },
        { "code": "133-02", "width": 8, "price": 2.49 },
        { "code": "133-03", "width": 8, "price": 2.49 },
        { "code": "133-07", "width": 8, "price": 2.49 },
        { "code": "133-11", "width": 8, "price": 2.49 },
        { "code": "133-12", "width": 8, "price": 2.49 },
        { "code": "135-02", "width": 35, "price": 8.23 },
        { "code": "135-12", "width": 35, "price": 8.23 },
        { "code": "135-15", "width": 35, "price": 8.23 },
        { "code": "135-25", "width": 35, "price": 8.23 },
        { "code": "140-01", "width": 55, "price": 14.07 },
        { "code": "140-02", "width": 55, "price": 14.07 },
        { "code": "147-01", "width": 14, "price": 4.71 },
        { "code": "147-02", "width": 14, "price": 4.71 },
        { "code": "255-03", "width": 25, "price": 4.92 },
        { "code": "285-05", "width": 47, "price": 10.92 },
        { "code": "301-07", "width": 62, "price": 10.61 },
        { "code": "301-17", "width": 62, "price": 10.61 },
        { "code": "301-23", "width": 62, "price": 10.61 },
        { "code": "301-27", "width": 62, "price": 10.61 },
        { "code": "301-41", "width": 62, "price": 10.61 },
        { "code": "301-43", "width": 62, "price": 10.61 },
        { "code": "301-52", "width": 62, "price": 10.61 },
        { "code": "301-70", "width": 62, "price": 10.61 },
        { "code": "301-77", "width": 62, "price": 10.61 },
        { "code": "305-42", "width": 80, "price": 15.03 },
        { "code": "305-77", "width": 80, "price": 15.03 },
        { "code": "335-01", "width": 43, "price": 13.44 },
        { "code": "335-02", "width": 43, "price": 13.44 },
        { "code": "372-03", "width": 10, "price": 3.45 },
        { "code": "372-07", "width": 10, "price": 3.45 },
        { "code": "395-01", "width": 61, "price": 15.91 },
        { "code": "395-02", "width": 61, "price": 15.91 },
        { "code": "395-12", "width": 61, "price": 15.91 },
        { "code": "395-15", "width": 61, "price": 15.91 },
        { "code": "395-25", "width": 61, "price": 15.91 },
        { "code": "395-62", "width": 61, "price": 15.91 },
        { "code": "400-01", "width": 85, "price": 26.04 },
        { "code": "400-02", "width": 85, "price": 26.04 },
        { "code": "400-03", "width": 85, "price": 26.04 },
        { "code": "400-12", "width": 85, "price": 26.04 },
        { "code": "423-01", "width": 14, "price": 6.07 },
        { "code": "423-07", "width": 14, "price": 6.07 },
        { "code": "423-12", "width": 14, "price": 6.07 },
        { "code": "423-17", "width": 14, "price": 6.07 },
        { "code": "423-32", "width": 14, "price": 6.07 },
        { "code": "445-03", "width": 20, "price": 9.61 },
        { "code": "445-07", "width": 20, "price": 9.61 },
        { "code": "446-07", "width": 21, "price": 13.35 },
        { "code": "462-03", "width": 78, "price": 24.07 },
        { "code": "490-02", "width": 64, "price": 14.78 },
        { "code": "500-01", "width": 37, "price": 8.23 },
        { "code": "500-02", "width": 37, "price": 8.23 },
        { "code": "500-11", "width": 37, "price": 8.23 },
        { "code": "500-22", "width": 37, "price": 8.23 },
        { "code": "500-32", "width": 37, "price": 8.23 },
        { "code": "560-05", "width": 32, "price": 10.31 },
        { "code": "560-11", "width": 32, "price": 10.31 },
        { "code": "560-23", "width": 32, "price": 10.31 },
        { "code": "563-05", "width": 20, "price": 6.5 },
        { "code": "599-01", "width": 60, "price": 20.32 },
        { "code": "599-02", "width": 60, "price": 20.32 },
        { "code": "599-03", "width": 60, "price": 20.32 },
        { "code": "605-01", "width": 9, "price": 3.45 },
        { "code": "605-02", "width": 9, "price": 3.45 },
        { "code": "614-05", "width": 28, "price": 4.78 },
        { "code": "615-03", "width": 39, "price": 5.65 },
        { "code": "615-05", "width": 39, "price": 5.65 },
        { "code": "616-13", "width": 36, "price": 5.65 },
        { "code": "616-17", "width": 36, "price": 5.65 },
        { "code": "616-23", "width": 36, "price": 5.65 },
        { "code": "616-31", "width": 36, "price": 5.65 },
        { "code": "622-01", "width": 21, "price": 3.45 },
        { "code": "622-02", "width": 21, "price": 3.45 },
        { "code": "623-11", "width": 25, "price": 10.04 },
        { "code": "623-62", "width": 25, "price": 10.04 },
        { "code": "680-07", "width": 15, "price": 3.9 },
        { "code": "680-23", "width": 15, "price": 3.9 },
        { "code": "680-31", "width": 15, "price": 3.9 },
        { "code": "680-32", "width": 15, "price": 3.9 },
        { "code": "682-00", "width": 12, "price": 2.42 },
        { "code": "682-03", "width": 12, "price": 2.42 },
        { "code": "682-05", "width": 12, "price": 2.42 },
        { "code": "682-07 ", "width": 12, "price": 2.42 },
        { "code": "682-28 ", "width": 12, "price": 2.42 },
        { "code": "755-01", "width": 73, "price": 15.79 },
        { "code": "755-02", "width": 73, "price": 15.79 },
        { "code": "765-28", "width": 50, "price": 11.02 },
        { "code": "765-31", "width": 50, "price": 11.02 },
        { "code": "780-05", "width": 32, "price": 6.73 },
        { "code": "780-06", "width": 32, "price": 6.73 },
        { "code": "780-08", "width": 32, "price": 6.73 },
        { "code": "780-09", "width": 32, "price": 6.73 },
        { "code": "780-11", "width": 32, "price": 6.73 },
        { "code": "785-01", "width": 60, "price": 15.91 },
        { "code": "785-02", "width": 60, "price": 15.91 },
        { "code": "785-22", "width": 60, "price": 15.91 },
        { "code": "785-32 ", "width": 60, "price": 15.91 },
        { "code": "830-28", "width": 28, "price": 11.6 },
        { "code": "830-41", "width": 28, "price": 11.6 },
        { "code": "830-42", "width": 28, "price": 11.6 },
        { "code": "830-47", "width": 28, "price": 11.6 },
        { "code": "850-01", "width": 10, "price": 3.4 },
        { "code": "862-02", "width": 27, "price": 6.61 },
        { "code": "862-05", "width": 27, "price": 6.61 },
        { "code": "905-05", "width": 9, "price": 3.18 },
        { "code": "905-06", "width": 9, "price": 3.18 },
        { "code": "905-07", "width": 9, "price": 3.18 },
        { "code": "905-08", "width": 9, "price": 3.18 },
        { "code": "905-09", "width": 9, "price": 3.18 },
        { "code": "980-01", "width": 26, "price": 8.36 },
        { "code": "980-02", "width": 26, "price": 8.36 },
        { "code": "980-03", "width": 26, "price": 8.36 },
        { "code": "481 срібло тепле", "width": 32, "price": 6 },
        { "code": "481 золото", "width": 32, "price": 6 },
        { "code": "803-09", "width": 27, "price": 6.64 },
        { "code": "803-06", "width": 27, "price": 6.64 },
        { "code": "803-05", "width": 27, "price": 6.64 },
        { "code": "510-15", "width": 8, "price": 3.18 },
        { "code": "510-07", "width": 8, "price": 3.18 },
        { "code": "275-02", "width": 16, "price": 4.44 },
        { "code": "275-06", "width": 16, "price": 4.44 },
        { "code": "275-01", "width": 16, "price": 4.44 },
        { "code": "010-01", "width": 18, "price": 4.44 },
        { "code": "010-05", "width": 18, "price": 4.44 },
        { "code": "010-07", "width": 18, "price": 4.44 },
        { "code": "881-01", "width": 11, "price": 3.82 },
        { "code": "860-01", "width": 56, "price": 15.36 }
    ],
    "italia": [{ "code": "985 Silver", "width": 82, "price": 34.8 },
        { "code": "985 Gold", "width": 82, "price": 34.8 },
        { "code": "P12 Silver Bronze", "width": 82, "price": 38.85 },
        { "code": "P12 Bronze", "width": 82, "price": 38.85 },
        { "code": "P12 Black", "width": 82, "price": 38.85 },
        { "code": "P12 Silver ", "width": 82, "price": 38.85 },
        { "code": "Ondate Wood", "width": 85, "price": 40.6 },
        { "code": "Ondate Silver", "width": 85, "price": 40.6 },
        { "code": "Ondate Black", "width": 85, "price": 40.6 },
        { "code": "Ondate White", "width": 85, "price": 40.6 },
        { "code": "P1227 Silver", "width": 108, "price": 38.5 },
        { "code": "P1227 Gold", "width": 108, "price": 38.5 },
        { "code": "P Victoria Wood", "width": 90, "price": 39.07 },
        { "code": "P Victoria White", "width": 90, "price": 39.07 },
        { "code": "P Victoria Gold", "width": 90, "price": 39.07 },
        { "code": "P Victoria Silver", "width": 90, "price": 39.07 },
        { "code": "P4300  Silver Black", "width": 36, "price": 9.26 },
        { "code": "P4300  Gold Bronze", "width": 36, "price": 9.26 },
        { "code": "P4300  Silver Bronze", "width": 36, "price": 9.26 },
        { "code": "P4300  Gold Black", "width": 36, "price": 9.26 },
        { "code": "P4300  White Gold", "width": 36, "price": 9.26 },
        { "code": "035 A 524", "width": 32, "price": 7.45 },
        { "code": "035 A 528", "width": 32, "price": 7.45 },
        { "code": "035 A 529", "width": 32, "price": 7.45 },
        { "code": "P 145 noce", "width": 32, "price": 7.96 },
        { "code": "014a001", "width": 9, "price": 4.47 },
        { "code": "047a509", "width": null, "price": null }
    ],
    "framerica": [{ "code": "26003", "width": 23, "price": 90 },
        { "code": "26008", "width": 25, "price": 130 },
        { "code": "26034", "width": 23, "price": 120 },
        { "code": "26041", "width": 24, "price": 120 },
        { "code": "26949", "width": 25, "price": 120 },
        { "code": "26963", "width": 25, "price": 120 },
        { "code": "26966", "width": 23, "price": 120 },
        { "code": "26966", "width": 25, "price": 170 },
        { "code": "26968", "width": 25, "price": 170 },
        { "code": "26969", "width": 25, "price": 120 },
        { "code": "39966", "width": 28, "price": 170 },
        { "code": "50034", "width": 52, "price": 255 },
        { "code": "54966", "width": 50, "price": 350 },
        { "code": "56093", "width": 80, "price": 420 },
        { "code": "66093", "width": 70, "price": 360 },
        { "code": "66963", "width": 70, "price": 330 },
        { "code": "66966", "width": 70, "price": 330 },
        { "code": "66967", "width": 70, "price": 330 },
        { "code": "66968", "width": 70, "price": 330 },
        { "code": "66969", "width": 70, "price": 330 },
        { "code": "68005", "width": 55, "price": 320 },
        { "code": "68041", "width": 55, "price": 320 },
        { "code": "74008", "width": 43, "price": 210 },
        { "code": "74022", "width": 43, "price": 210 },
        { "code": "74967", "width": 43, "price": 230 },
        { "code": "85093", "width": 35, "price": 230 },
        { "code": "88059", "width": 42, "price": 195 },
        { "code": "202273", "width": 40, "price": 118 },
        { "code": "202303", "width": 41, "price": 245 },
        { "code": "205303", "width": 83, "price": 370 },
        { "code": "207303", "width": 25, "price": 165 },
        { "code": "12G", "width": 95, "price": 360 },
        { "code": "12S", "width": 95, "price": 360 },
        { "code": "163G", "width": 30, "price": 145 },
        { "code": "17D", "width": 30, "price": 165 },
        { "code": "17T", "width": 30, "price": 165 },
        { "code": "183G", "width": 55, "price": 270 },
        { "code": "183S", "width": 55, "price": 270 },
        { "code": "237S", "width": 55, "price": 285 },
        { "code": "257D", "width": 30, "price": 165 },
        { "code": "26T", "width": 25, "price": 120 },
        { "code": "508B", "width": 56, "price": 255 },
        { "code": "508P", "width": 57, "price": 255 },
        { "code": "508S", "width": 56, "price": 255 },
        { "code": "52F", "width": 18, "price": 150 },
        { "code": "55G", "width": 55, "price": 230 },
        { "code": "58B", "width": 30, "price": 160 },
        { "code": "58G", "width": 30, "price": 165 },
        { "code": "58S", "width": 30, "price": 165 },
        { "code": "58V", "width": 30, "price": 160 },
        { "code": "61A", "width": 75, "price": 206 },
        { "code": "664IBC", "width": 68, "price": 330 },
        { "code": "664IBG", "width": 68, "price": 330 },
        { "code": "68B", "width": 55, "price": 320 },
        { "code": "68S", "width": 55, "price": 320 },
        { "code": "68T", "width": 55, "price": 320 },
        { "code": "744IBG", "width": 43, "price": 230 },
        { "code": "7481BR", "width": 43, "price": 215 },
        { "code": "748IBM", "width": 43, "price": 210 },
        { "code": "74B", "width": 43, "price": 210 },
        { "code": "74V", "width": 43, "price": 210 },
        { "code": "768G", "width": 43, "price": 234 },
        { "code": "77B", "width": 55, "price": 302 },
        { "code": "77S", "width": 55, "price": 302 },
        { "code": "898R", "width": 74, "price": 230 },
        { "code": "DV9023K", "width": 70, "price": 350 }
    ],
    "poland_syh": [{ "code": 9033, "width": 25, "price": 106 },
        { "code": "092", "width": 27, "price": 86 },
        { "code": 9032, "width": 25, "price": 106 },
        { "code": 112, "width": 17, "price": 64 },
        { "code": 113, "width": 16, "price": 64 },
        { "code": 115, "width": 17, "price": 64 },
        { "code": 940, "width": 40, "price": 153 },
        { "code": 9034, "width": 25, "price": 106 },
        { "code": "091", "width": 26, "price": 86 },
        { "code": 115, "width": 17, "price": 64 },
        { "code": 448, "width": 36, "price": 185 },
        { "code": 447, "width": 36, "price": 185 },
        { "code": 445, "width": 36, "price": 185 },
        { "code": 111, "width": 20, "price": 71 },
        { "code": 116, "width": 21, "price": 71 },
        { "code": 117, "width": 21, "price": 71 },
        { "code": 114, "width": 11, "price": 64 },
        { "code": 602, "width": 50, "price": 200 },
        { "code": 601, "width": 50, "price": 200 },
        { "code": 118, "width": 31, "price": 130 },
        { "code": "118Б", "width": 31, "price": 130 },
        { "code": 119, "width": 31, "price": 130 },
        { "code": 42, "width": 49, "price": 269 },
        { "code": 46, "width": 49, "price": 269 },
        { "code": 45, "width": 49, "price": 269 },
        { "code": 970, "width": 62, "price": 428 },
        { "code": 7338, "width": 30, "price": 132 },
        { "code": 7335, "width": 30, "price": 132 },
        { "code": 7081, "width": 72, "price": 412 },
        { "code": 7082, "width": 72, "price": 412 },
        { "code": 7031, "width": 22, "price": 119 },
        { "code": 939, "width": 25, "price": 119 },
        { "code": 937, "width": 21, "price": 119 },
        { "code": 936, "width": 21, "price": 119 },
        { "code": 7030, "width": 22, "price": 119 },
        { "code": 7032, "width": 22, "price": 119 },
        { "code": 7221, "width": 13, "price": 93 },
        { "code": 47, "width": 49, "price": 369 },
        { "code": 9056, "width": 46, "price": 184 },
        { "code": 9055, "width": 46, "price": 184 },
        { "code": 4, "width": 39, "price": 127 },
        { "code": 550, "width": 39, "price": 152 },
        { "code": 551, "width": 39, "price": 152 },
        { "code": 743, "width": 24, "price": 194 },
        { "code": 741, "width": 24, "price": 194 },
        { "code": 742, "width": 24, "price": 194 },
        { "code": 642, "width": 49, "price": 242 },
        { "code": 750, "width": 49, "price": 224 },
        { "code": 7070, "width": 60, "price": 218 },
        { "code": 98, "width": 50, "price": 169 },
        { "code": 4173, "width": 63, "price": 229 },
        { "code": 4072, "width": 63, "price": 229 },
        { "code": 4172, "width": 63, "price": 229 },
        { "code": "53-05", "width": 48, "price": 245 },
        { "code": 970, "width": 62, "price": 428 },
        { "code": 7335, "width": 30, "price": 132 },
        { "code": 7338, "width": 30, "price": 132 },
        { "code": 1182, "width": 68, "price": 434 },
        { "code": 1184, "width": 68, "price": 434 },
        { "code": 1186, "width": 68, "price": 434 },
        { "code": 1187, "width": 68, "price": 434 },
        { "code": 1185, "width": 68, "price": 434 },
        { "code": 1180, "width": 68, "price": 434 },
        { "code": 9164, "width": 52, "price": 323 },
        { "code": 9167, "width": 52, "price": 323 },
        { "code": 9166, "width": 52, "price": 323 },
        { "code": 9165, "width": 52, "price": 323 },
        { "code": 1080, "width": 60, "price": 458 },
        { "code": 1083, "width": 60, "price": 458 },
        { "code": 1081, "width": 60, "price": 458 },
        { "code": "маки золоті", "width": 50, "price": 200 },
        { "code": 360, "width": 50, "price": 167 },
        { "code": 2111, "width": 96, "price": 590 },
        { "code": 2112, "width": 96, "price": 590 },
        { "code": 2114, "width": 96, "price": 590 },
        { "code": 52, "width": 47, "price": 269 },
        { "code": 51, "width": 47, "price": 269 },
        { "code": 8040, "width": 33, "price": 110 },
        { "code": 217, "width": 10, "price": 68 },
        { "code": "062", "width": 10, "price": 62 },
        { "code": 718, "width": 10, "price": 69 },
        { "code": "070", "width": 12, "price": 62 },
        { "code": "071", "width": 12, "price": 62 },
        { "code": "074", "width": 12, "price": 62 },
        { "code": "072", "width": 12, "price": 62 },
        { "code": "075", "width": 12, "price": 62 },
        { "code": 720, "width": 10, "price": 69 },
        { "code": 918, "width": 12, "price": 64 },
        { "code": 213, "width": 10, "price": 68 },
        { "code": 215, "width": 10, "price": 68 },
        { "code": 208, "width": 10, "price": 68 },
        { "code": 218, "width": 10, "price": 68 },
        { "code": 207, "width": 10, "price": 68 },
        { "code": 216, "width": 10, "price": 68 },
        { "code": 219, "width": 10, "price": 68 },
        { "code": 211, "width": 10, "price": 68 },
        { "code": 206, "width": 10, "price": 68 },
        { "code": 209, "width": 10, "price": 68 },
        { "code": 920, "width": 12, "price": 64 },
        { "code": "073", "width": 11, "price": 62 },
        { "code": 1043, "width": 33, "price": 357 },
        { "code": 1047, "width": 33, "price": 357 },
        { "code": 1046, "width": 31, "price": 173 },
        { "code": 730, "width": 23, "price": 100 },
        { "code": 731, "width": 23, "price": 100 },
        { "code": 732, "width": 23, "price": 100 },
        { "code": 717, "width": 10, "price": 69 },
        { "code": "060", "width": 10, "price": 62 },
        { "code": 714, "width": 10, "price": 69 },
        { "code": "059 голубий", "width": 10, "price": 62 },
        { "code": "059 синій", "width": 10, "price": 62 },
        { "code": "063", "width": 10, "price": 62 },
        { "code": 920, "width": 11, "price": 64 },
        { "code": 922, "width": 11, "price": 64 },
        { "code": 919, "width": 11, "price": 64 },
        { "code": "061", "width": 10, "price": 62 },
        { "code": 921, "width": 11, "price": 64 },
        { "code": 214, "width": 10, "price": 68 },
        { "code": 210, "width": 10, "price": 68 },
        { "code": 719, "width": 10, "price": 69 },
        { "code": 715, "width": 10, "price": 69 },
        { "code": 212, "width": 10, "price": 68 },
        { "code": 915, "width": 11, "price": 69 },
        { "code": 916, "width": 11, "price": 69 },
        { "code": "059 червоний", "width": 10, "price": 62 },
        { "code": "059 жовтий", "width": 10, "price": 62 },
        { "code": "059 зелений", "width": 10, "price": 62 },
        { "code": 132, "width": 17, "price": 113 },
        { "code": 138, "width": 17, "price": 113 },
        { "code": 130, "width": 17, "price": 113 },
        { "code": 131, "width": 17, "price": 113 },
        { "code": "047a509", "width": 12, "price": 74 },
        { "code": 223, "width": 17, "price": 83 },
        { "code": 220, "width": 17, "price": 83 },
        { "code": 222, "width": 17, "price": 83 },
        { "code": 225, "width": 17, "price": 83 },
        { "code": 226, "width": 17, "price": 83 },
        { "code": 224, "width": 17, "price": 83 },
        { "code": 8023, "width": 18, "price": 84 },
        { "code": 8025, "width": 18, "price": 84 },
        { "code": 8024, "width": 18, "price": 84 },
        { "code": 8026, "width": 18, "price": 84 },
        { "code": 7022, "width": 16, "price": 102 },
        { "code": 7023, "width": 16, "price": 102 }
    ],
    "poland_mar": [{ "code": "4А", "width": 35, "price": 7.08 },
        { "code": "036m", "width": 24, "price": 6.55 },
        { "code": "033m", "width": 24, "price": 6.55 },
        { "code": "036m", "width": 24, "price": 6.55 },
        { "code": "035m", "width": 24, "price": 6.55 },
        { "code": "031m", "width": 24, "price": 6.55 },
        { "code": "115H", "width": 18, "price": 4.07 },
        { "code": "115B", "width": 18, "price": 4.07 },
        { "code": "18m white silver", "width": 12, "price": 3.5 },
        { "code": "18m white gold", "width": 12, "price": 3.5 },
        { "code": "17m", "width": 12, "price": 3.5 },
        { "code": "14m", "width": 12, "price": 3.5 },
        { "code": "42m", "width": 32, "price": 7.76 },
        { "code": "43m", "width": 32, "price": 7.76 },
        { "code": "45m", "width": 32, "price": 7.76 },
        { "code": "363", "width": 29, "price": 6.27 },
        { "code": "370", "width": 29, "price": 6.27 },
        { "code": "375", "width": 29, "price": 6.27 },
        { "code": "241", "width": 15, "price": 4.15 },
        { "code": "247", "width": 15, "price": 4.15 },
        { "code": "236", "width": 15, "price": 4.15 },
        { "code": "242", "width": 15, "price": 4.15 },
        { "code": "248", "width": 15, "price": 4.15 },
        { "code": "238", "width": 15, "price": 4.15 },
        { "code": "243", "width": 15, "price": 4.15 },
        { "code": "233", "width": 15, "price": 4.15 },
        { "code": "240", "width": 15, "price": 4.15 },
        { "code": "2114-993", "width": 41, "price": 7 },
        { "code": "2114-994", "width": 41, "price": 7 },
        { "code": "210A", "width": 20, "price": 4.15 },
        { "code": "223", "width": 20, "price": 4.15 },
        { "code": "255", "width": 20, "price": 4.15 },
        { "code": "222", "width": 20, "price": 4.15 },
        { "code": "232", "width": 20, "price": 4.15 },
        { "code": "261", "width": 20, "price": 4.15 },
        { "code": "215", "width": 20, "price": 4.15 },
        { "code": "165m", "width": 11, "price": 2.98 },
        { "code": "174m", "width": 11, "price": 2.98 },
        { "code": "125m", "width": 10, "price": 2.98 },
        { "code": "124m", "width": 10, "price": 2.98 },
        { "code": "105m", "width": 11, "price": 2.98 },
        { "code": "104m", "width": 11, "price": 2.98 },
        { "code": "151m", "width": 11, "price": 2.98 },
        { "code": "115m", "width": 11, "price": 2.98 },
        { "code": "116m", "width": 11, "price": 2.98 },
        { "code": "103m", "width": 11, "price": 2.98 },
        { "code": "278", "width": 20, "price": 4.15 },
        { "code": "052 A 308", "width": 8, "price": 3.44 },
        { "code": "050 A 083", "width": 8, "price": 3.44 },
        { "code": "050 A 019", "width": 8, "price": 3.44 },
        { "code": "040 A 024", "width": 10, "price": 4.08 },
        { "code": "040 A 029", "width": 10, "price": 4.08 }
    ],
    "clever": [{ "code": "1415-95", "width": 11, "price": 1.14 },
        { "code": "1417-56", "width": 11, "price": 1.2 },
        { "code": "1611-03", "width": 11, "price": 1.23 },
        { "code": "1611-04", "width": 11, "price": 1.23 },
        { "code": "1611-14", "width": 11, "price": 1.23 },
        { "code": "1611-29", "width": 11, "price": 1.23 },
        { "code": "1611-33", "width": 11, "price": 1.23 },
        { "code": "1611-36", "width": 11, "price": 1.23 },
        { "code": "1611-38", "width": 11, "price": 1.23 },
        { "code": "1611-40", "width": 11, "price": 1.23 },
        { "code": "1611-61", "width": 11, "price": 1.23 },
        { "code": "1611-73", "width": 11, "price": 1.23 },
        { "code": "1611-79", "width": 11, "price": 1.23 },
        { "code": "1611-80", "width": 11, "price": 1.23 },
        { "code": "1611-84", "width": 11, "price": 1.23 },
        { "code": "1713-03", "width": 12, "price": 1.38 },
        { "code": "1713-04", "width": 12, "price": 1.38 },
        { "code": "1713-06", "width": 12, "price": 1.38 },
        { "code": "1713-47", "width": 12, "price": 1.38 },
        { "code": "2115-39", "width": 15, "price": 1.68 },
        { "code": "2215-202", "width": 16, "price": 2.52 },
        { "code": "2215-203", "width": 16, "price": 2.52 },
        { "code": "2215-206", "width": 16, "price": 2.52 },
        { "code": "2215-207", "width": 16, "price": 2.52 },
        { "code": "2215-208", "width": 16, "price": 2.52 },
        { "code": "2215-209", "width": 16, "price": 2.52 },
        { "code": "2216-03", "width": 16, "price": 2.19 },
        { "code": "2216-46", "width": 16, "price": 2.19 },
        { "code": "2216-54", "width": 16, "price": 2.19 },
        { "code": "2216-67", "width": 16, "price": 2.19 },
        { "code": "3422-05", "width": 27, "price": 4.02 },
        { "code": "3422-06", "width": 27, "price": 4.02 },
        { "code": "3422-47", "width": 27, "price": 4.02 },
        { "code": "3620-26", "width": 31, "price": 3.75 },
        { "code": "3720-39", "width": 32, "price": 4.14 },
        { "code": "3720-53", "width": 32, "price": 4.14 },
        { "code": "3720-54", "width": 32, "price": 4.14 },
        { "code": "4018-46", "width": 34, "price": 3.39 },
        { "code": "4022-04", "width": 35, "price": 3.57 },
        { "code": "4312-213", "width": 37, "price": 4.32 },
        { "code": "4312-218", "width": 37, "price": 4.32 },
        { "code": "5826B-01", "width": 50, "price": 7.14 },
        { "code": "5826B-03", "width": 50, "price": 7.14 },
        { "code": "5826B-16", "width": 50, "price": 7.14 },
        { "code": "5826B-26", "width": 50, "price": 7.14 },
        { "code": "5826B-54", "width": 50, "price": 7.14 }
    ],
    "obrosh": [{ "code": "33-01", "width": 25, "price": 4.84 },
        { "code": "33-03", "width": 25, "price": 4.84 },
        { "code": "33-06", "width": 25, "price": 4.84 },
        { "code": "33-10", "width": 25, "price": 4.84 },
        { "code": "33-13", "width": 25, "price": 4.84 },
        { "code": "33-14", "width": 25, "price": 4.84 },
        { "code": "33-15", "width": 25, "price": 4.84 },
        { "code": "33-17", "width": 25, "price": 4.84 },
        { "code": "48-02", "width": 40, "price": 7.6 },
        { "code": "48-03", "width": 40, "price": 7.6 },
        { "code": "48-04", "width": 40, "price": 7.6 },
        { "code": "48-06", "width": 40, "price": 7.6 },
        { "code": "48-08", "width": 40, "price": 7.6 },
        { "code": "48-09", "width": 40, "price": 7.6 },
        { "code": "47-01", "width": 40, "price": 5.5 },
        { "code": "47-02", "width": 40, "price": 5.5 },
        { "code": "47-04", "width": 40, "price": 5.5 },
        { "code": "47-06", "width": 40, "price": 5.5 },
        { "code": "47-06-1", "width": 40, "price": 5.5 },
        { "code": "49-01", "width": 40, "price": 6.44 },
        { "code": "49-02", "width": 40, "price": 6.44 },
        { "code": "49-03", "width": 40, "price": 6.44 },
        { "code": "49-04", "width": 40, "price": 6.44 },
        { "code": "49-05", "width": 40, "price": 6.44 },
        { "code": "49-06", "width": 40, "price": 6.44 },
        { "code": "53-05", "width": 48, "price": 8.45 }
    ],
    "ohtyr": [{"code":"липа 35 Г2 Б","width":28,"price":32},
{"code":"сосна 30 Г1 ВС","width":25,"price":36},
{"code":"дуб 30 Г1","width":25,"price":84},
{"code":"липа 18 Г2 ВС","width":13,"price":18},
{"code":"сосна 18 Г1 ВС","width":13,"price":27},
{"code":"дуб 18 Г1 люкс ВГ","width":13,"price":48},
{"code":"дуб 18 Г1 браш","width":13,"price":66},
{"code":"18 Г1-3015","width":13,"price":47},
{"code":"18 Г1-887А","width":13,"price":47},
{"code":"18 Г1-6019","width":13,"price":47},
{"code":"18 Г1-6034","width":13,"price":47},
{"code":"18 Г1-320А","width":13,"price":47},
{"code":"18 Г1-1013","width":13,"price":47},
{"code":"55 Г2 липа","width":50,"price":53},
{"code":"липа 25ф1","width":19,"price":41},
{"code":"липа 10 Г1","width":6,"price":9}]
}
